split,gps_second,east_m,north_m,horizontal_m,score_m,q,sdn_m,sde_m
calibration,270149.0,-0.005358271170841644,-0.0014395472658608188,0.005548275972851391,0.005358271170841644,1,0.0039,0.0063
calibration,270150.0,-0.008964799650001076,-0.00022146872953421326,0.008967534843133921,0.008964799650001076,1,0.0041,0.0065
calibration,270151.0,-0.0071100115363570415,-0.000553671829412905,0.007131536758778969,0.0071100115363570415,1,0.0041,0.0062
calibration,270152.0,-0.005976531581377231,0.0024361567685132757,0.006453974708965977,0.005976531581377231,1,0.0041,0.0064
calibration,270153.0,-0.0020608731732103536,0.00310056279249471,0.0037229944757225606,0.00310056279249471,1,0.0041,0.0064
calibration,270154.0,0.19897715609412536,0.5129213448858594,0.5501638071400414,0.5129213448858594,2,0.0042,0.0064
calibration,270155.0,-0.001957829217965501,0.0074192034047640965,0.007673178898473733,0.0074192034047640965,1,0.0045,0.0062
calibration,270156.0,0.00010304392774973525,0.00609039121817978,0.006091262860977802,0.00609039121817978,1,0.0044,0.0065
calibration,270157.0,-0.0027821797593121644,0.00332203183975488,0.004333176635849442,0.00332203183975488,1,0.0042,0.0064
calibration,270158.0,0.25111714755403014,0.8196552114744402,0.8572598716217165,0.8196552114744402,2,0.0043,0.0065
calibration,270159.0,0.24885018772465894,0.8223128325569706,0.8591419035982742,0.8223128325569706,2,0.0042,0.0065
calibration,270160.0,0.2519414934706288,0.8234201733015651,0.8611012123625135,0.8234201733015651,2,0.0041,0.0065
calibration,270161.0,0.2481288835974631,0.8239738471328741,0.8605235869133817,0.8239738471328741,2,0.0043,0.0064
calibration,270162.0,0.26080323772587466,0.8284032119955285,0.8684873116245323,0.8284032119955285,2,0.0042,0.0063
calibration,270163.0,0.26173062824143045,0.8253026468615645,0.8658102451902253,0.8253026468615645,2,0.0037,0.0062
calibration,270164.0,0.2594636715441556,0.8249704442359338,0.8648107484958819,0.8249704442359338,2,0.0039,0.0066
calibration,270165.0,0.26214280294408,0.8235308972246447,0.8642464855693699,0.8235308972246447,2,0.0043,0.0064
calibration,270166.0,0.2594636708057543,0.824970441842682,0.8648107459913451,0.824970441842682,2,0.0039,0.0063
calibration,270167.0,0.26276106451391135,0.8231986945569028,0.8641177395150922,0.8231986945569028,2,0.0039,0.0063
calibration,270168.0,0.2609062796927826,0.822534289341835,0.8629222119786963,0.822534289341835,2,0.004,0.0063
calibration,270169.0,0.26605845729274646,0.8251919110398487,0.8670229482214377,0.8251919110398487,2,0.0038,0.0063
calibration,270170.0,0.2660584567626394,0.8226450209468319,0.8645992903672376,0.8226450209468319,2,0.0042,0.0064
calibration,270171.0,0.26647063034662466,0.8261885189402354,0.8680979585657296,0.8261885189402354,2,0.004,0.0066
calibration,270172.0,0.2695619390482422,0.81976592917351,0.8629483284746291,0.81976592917351,2,0.0042,0.0065
calibration,270173.0,0.2634823689641994,0.8217591454608084,0.8629664257104471,0.8217591454608084,2,0.004,0.0064
calibration,270174.0,0.2663675887583876,0.8192122574717562,0.8614292862057387,0.8192122574717562,2,0.0044,0.0066
calibration,270175.0,0.2660584568531612,0.8212054753768756,0.8632297117523502,0.8212054753768756,2,0.004,0.0065
calibration,270176.0,0.2661615001161688,0.8218698793899777,0.8638935367234702,0.8218698793899777,2,0.0047,0.0065
calibration,270177.0,0.26513106521016194,0.8203195997224895,0.8621013440590036,0.8203195997224895,2,0.0042,0.0064
calibration,270178.0,0.26564628071234564,0.8234201579027038,0.8652102073466401,0.8234201579027038,2,0.0039,0.0066
calibration,270179.0,0.26647062892886675,0.8220913459366614,0.8641995007784357,0.8220913459366614,2,0.0039,0.0066
calibration,270180.0,0.2641006276729656,0.8251919041060773,0.8664241571767652,0.8251919041060773,2,0.0041,0.0064
calibration,270181.0,0.26822237006484295,0.8266314492951885,0.8690585669372722,0.8266314492951885,2,0.0039,0.0065
calibration,270182.0,0.26945889313910554,0.8247489669129209,0.8676514009184115,0.8247489669129209,2,0.0043,0.0062
calibration,270183.0,0.2686345430403181,0.8266314475101857,0.8691858648915463,0.8266314475101857,2,0.0041,0.0063
calibration,270184.0,0.2665736713850668,0.8255241040998551,0.8674973018549291,0.8255241040998551,2,0.0041,0.0065
calibration,270185.0,0.2676041072291362,0.8261885086299863,0.8684465498798092,0.8261885086299863,2,0.0043,0.0066
calibration,270186.0,0.15590497377892265,0.3915566194415321,0.4214533747373336,0.3915566194415321,2,0.0049,0.0065
calibration,270187.0,0.15116496686718395,0.39343910264924475,0.4214797441175552,0.39343910264924475,2,0.005,0.0065
calibration,270188.0,0.26987106498476,0.8300642078827583,0.8728327336460517,0.8300642078827583,2,0.0038,0.0064
calibration,270189.0,0.2673980201983168,0.8287353964288666,0.8708065563028853,0.8287353964288666,2,0.0042,0.0066
calibration,270190.0,0.27059236913685414,0.8322788925340281,0.8751619194142097,0.8322788925340281,2,0.004,0.0064
calibration,270191.0,0.26945889109764254,0.8325003611437918,0.8750228255857757,0.8325003611437918,2,0.0041,0.0065
calibration,270192.0,0.27275628406271046,0.8340506410385675,0.8775172148240418,0.8340506410385675,2,0.0044,0.0064
calibration,270193.0,0.27151976182669735,0.8357116531990867,0.8787132344258717,0.8357116531990867,2,0.0038,0.0066
calibration,270194.0,0.274095849384,0.8378156061086477,0.8815120671259907,0.8378156061086477,2,0.0039,0.0065
calibration,270195.0,0.2713136732581072,0.841469835926349,0.8841281547777583,0.841469835926349,2,0.0037,0.0066
calibration,270196.0,0.274508022773603,0.8401410263015485,0.8838504390687896,0.8401410263015485,2,0.0046,0.0064
calibration,270197.0,0.27533237309515,0.8443489302796863,0.8881064304117257,0.8443489302796863,2,0.0037,0.0063
calibration,270198.0,0.2761567205013611,0.8435737890580546,0.8876256372276716,0.8435737890580546,2,0.0041,0.0064
calibration,270199.0,0.29882630376052566,0.8362653300395189,0.8880522856483639,0.8362653300395189,2,0.0043,0.0065
calibration,270200.0,0.30057804719572667,0.8288461386275001,0.8816649499519155,0.8288461386275001,2,0.0041,0.0065
calibration,270201.0,0.3057302259926429,0.826520721137221,0.8812533537835213,0.826520721137221,2,0.0043,0.0065
calibration,270202.0,0.31304631883660994,0.8207625403464482,0.87843562392079,0.8207625403464482,2,0.0043,0.0067
calibration,270203.0,0.33076981348605283,0.8100213209380063,0.8749532615447243,0.8100213209380063,2,0.0041,0.0068
calibration,270204.0,0.3715750652610712,0.7864349294258584,0.8697976358583783,0.7864349294258584,2,0.0045,0.0069
calibration,270205.0,0.2820302063360023,0.8432415935304922,0.8891554545442388,0.8432415935304922,2,0.0041,0.0065
calibration,270206.0,0.2830606405442646,0.8457884806597504,0.8918976848507111,0.8457884806597504,2,0.004,0.0064
calibration,270207.0,0.27862976765668535,0.8445704043329756,0.8893445425140835,0.8445704043329756,2,0.0038,0.0066
calibration,270208.0,0.27543541860990484,0.8414698438756818,0.8854016986526386,0.8414698438756818,2,0.004,0.0064
calibration,270209.0,0.2739928091037207,0.8433523270868504,0.8867441609863319,0.8433523270868504,2,0.0038,0.0066
calibration,270210.0,0.27234411217615273,0.8461206830211347,0.8888709274541318,0.8461206830211347,2,0.0038,0.0065
calibration,270211.0,0.27059236982280765,0.8465636201862772,0.8887576686753361,0.8465636201862772,2,0.0041,0.0065
calibration,270212.0,0.27347759104792146,0.8467850888950412,0.8898510996680046,0.8467850888950412,2,0.0033,0.0065
calibration,270213.0,0.24462545758209853,0.6387155191625431,0.6839584263069854,0.6387155191625431,2,0.0043,0.0064
calibration,270214.0,0.24050371389867697,0.6391584554493286,0.6829096335324522,0.6391584554493286,2,0.0041,0.0061
calibration,270215.0,0.27285932928000856,0.8507715216353695,0.893456431842593,0.8507715216353695,2,0.004,0.0065
calibration,270216.0,0.27213802367527684,0.8488890390005346,0.8914436070022246,0.8488890390005346,2,0.0038,0.0067
calibration,270217.0,0.2709014994196406,0.8498856445789493,0.892016385078876,0.8498856445789493,2,0.004,0.0063
calibration,270218.0,0.27224106641348733,0.8517681268003958,0.894217054229569,0.8517681268003958,2,0.0037,0.0064
calibration,270219.0,0.27553845828900503,0.8568618974839386,0.9000743043527337,0.8568618974839386,2,0.0046,0.0062
calibration,270220.0,0.28058759289102797,0.8503285809929979,0.8954262074218884,0.8503285809929979,2,0.0043,0.0064
calibration,270221.0,0.281205854262756,0.853650606959329,0.8987747722503548,0.853650606959329,2,0.0039,0.0065
calibration,270222.0,0.28306063521292923,0.8635059502664255,0.9087165946281984,0.8635059502664255,2,0.0041,0.0065
calibration,270223.0,0.28666715969255785,0.8574155676686397,0.9040683138605922,0.8574155676686397,2,0.0037,0.0062
calibration,270224.0,0.28697628936316955,0.8622878730638925,0.9087880757853865,0.8622878730638925,2,0.0041,0.0065
calibration,270225.0,0.2840910703467707,0.867160179053855,0.9125100067327961,0.867160179053855,2,0.0036,0.0065
calibration,270226.0,0.29027368234981443,0.865056226404902,0.9124588130468191,0.865056226404902,2,0.0043,0.0062
gap,270227.0,0.2873884621439635,0.8702607341444839,0.9164856101255319,0.8702607341444839,2,0.0038,0.0063
gap,270228.0,0.3153132637282883,0.86882118768869,0.9242687436345399,0.86882118768869,2,0.0036,0.0063
gap,270229.0,0.32489631309517275,0.871921748684203,0.93048651257896,0.871921748684203,2,0.0042,0.0068
gap,270230.0,0.2988262941495048,0.8775691929889553,0.9270516935739952,0.8775691929889553,2,0.004,0.0065
gap,270231.0,0.3375706693137368,0.8739149607973418,0.9368464738079253,0.8739149607973418,2,0.004,0.0067
gap,270232.0,0.3593128570695159,0.8742471628455797,0.9452057082979365,0.8742471628455797,2,0.004,0.0068
gap,270233.0,0.30758499475931655,0.8864279313938206,0.9382766151600586,0.8864279313938206,2,0.0039,0.0064
gap,270234.0,0.3065545589955345,0.8893070198280797,0.9406607641208637,0.8893070198280797,2,0.0037,0.0064
gap,270235.0,0.31016108149046584,0.890082158254188,0.9425742118866656,0.890082158254188,2,0.0041,0.0065
gap,270236.0,0.4094950611734438,0.8757974351601181,0.9668026440584881,0.8757974351601181,2,0.0038,0.007
evaluation,270237.0,0.31345847493836976,0.8953974015973949,0.9486794623570466,0.8953974015973949,2,0.004,0.0064
evaluation,270238.0,0.3146949969226225,0.8982764902153177,0.9518054391322206,0.8982764902153177,2,0.0036,0.0065
evaluation,270239.0,0.3132523848649704,0.9056956852111981,0.958338004481599,0.9056956852111981,2,0.0038,0.0063
evaluation,270240.0,0.3146949946299187,0.9062493527439206,0.9593335337586713,0.9062493527439206,2,0.0044,0.0065
evaluation,270241.0,0.314179775211465,0.9107894562558685,0.9634554295756432,0.9107894562558685,2,0.004,0.0063
evaluation,270242.0,0.31644673144682,0.9128934038087335,0.9661847134791934,0.9128934038087335,2,0.0036,0.0065
evaluation,270243.0,0.31788934056132145,0.9137792757443388,0.9674948049588484,0.9137792757443388,2,0.0039,0.0066
evaluation,270244.0,0.32242325565239494,0.9176549738750754,0.9726496835259625,0.9176549738750754,2,0.004,0.0063
evaluation,270245.0,0.33066673991481377,0.919315987734092,0.9769761400307585,0.919315987734092,2,0.0031,0.0066
evaluation,270246.0,0.33066673794266555,0.923080947913006,0.980519723402654,0.923080947913006,2,0.0038,0.0066
evaluation,270247.0,0.31593151604787595,0.9412413858103741,0.9928484623519054,0.9412413858103741,2,0.0032,0.0067
evaluation,270248.0,0.31613760149143966,0.942902397918175,0.994488770714182,0.942902397918175,2,0.0037,0.0062
evaluation,270249.0,0.2645127791048232,0.9440097210087273,0.9803679736041626,0.9440097210087273,2,0.0037,0.0055
evaluation,270250.0,0.2679132154517312,0.9484390882482372,0.9855527358446291,0.9484390882482372,2,0.0037,0.0059
evaluation,270251.0,0.26389451533642605,0.9502108289419513,0.986174900645518,0.9502108289419513,2,0.0041,0.0058
evaluation,270252.0,0.2638945143367666,0.9574085542320625,0.9931120049691102,0.9574085542320625,2,0.0037,0.0059
evaluation,270253.0,0.2651310367930817,0.9567441460609247,0.9928010010534953,0.9567441460609247,2,0.004,0.0057
evaluation,270254.0,0.2655432108783442,0.9539757868163696,0.9902439086788125,0.9539757868163696,2,0.0042,0.0055
evaluation,270255.0,0.269561907725794,0.9588480913670572,0.9960187168999476,0.9588480913670572,2,0.0039,0.0059
evaluation,270256.0,0.26925277500415445,0.9608413055190459,0.9978542334624744,0.9608413055190459,2,0.0041,0.0058
evaluation,270257.0,0.26399755466378183,0.9662672821123528,1.0016821698269616,0.9662672821123528,2,0.004,0.0055
evaluation,270258.0,0.269355816668539,0.9700322430572568,1.0067348750012928,0.9700322430572568,2,0.0034,0.0059
evaluation,270259.0,0.26853146593943045,0.9775621681076205,1.0137736141342657,0.9775621681076205,2,0.003,0.0057
evaluation,270260.0,0.26997407597639755,0.9766762915523923,1.0133028077429982,0.9766762915523923,2,0.0037,0.0056
evaluation,270261.0,0.27007711732417183,0.9786695035926396,1.015251518868304,0.9786695035926396,2,0.0038,0.0058
evaluation,270262.0,0.2713136386041497,0.9866423668943538,1.0232664612130684,0.9866423668943538,2,0.0043,0.0059
evaluation,270263.0,0.2655432008621901,0.9891892519862688,1.0242111929525528,0.9891892519862688,2,0.0042,0.006
evaluation,270264.0,0.2659553728741151,0.992289806479703,1.0273126692512538,0.992289806479703,2,0.0039,0.0057
evaluation,270265.0,0.2627610227113255,0.9951688950179074,1.0292737656558941,0.9951688950179074,2,0.0033,0.0057
evaluation,270266.0,0.2661614575201927,0.9973835751112006,1.0322867418362367,0.9973835751112006,2,0.0041,0.0057
evaluation,270267.0,0.2625549319753313,0.9990445858637846,1.0329691074026908,0.9990445858637846,2,0.0035,0.0059
evaluation,270268.0,0.2571966674901871,1.0031417489482806,1.035588477268395,1.0031417489482806,2,0.0036,0.006
evaluation,270269.0,0.254105360875176,1.0063530386137693,1.0379383280102292,1.0063530386137693,2,0.0044,0.0059
evaluation,270270.0,0.24967448692627725,1.0083462508883443,1.0387971462718213,1.0083462508883443,2,0.0039,0.0058
evaluation,270271.0,0.24781970293533373,1.013772226989285,1.0436228884888312,1.013772226989285,2,0.0039,0.0058
evaluation,270272.0,0.24359491577851555,1.0158761712517088,1.044673575003299,1.0158761712517088,2,0.0039,0.0057
evaluation,270273.0,0.15157707874665682,0.6706068800885925,0.687523962072251,0.6706068800885925,2,0.0043,0.0056
evaluation,270274.0,0.14271532982823176,0.6838949835485963,0.6986272352914077,0.6838949835485963,2,0.0042,0.0055
evaluation,270275.0,0.21845228609393486,1.041677219433291,1.064336803265742,1.041677219433291,2,0.0041,0.0061
evaluation,270276.0,0.3324184446371885,1.0458851627501913,1.0974414772533438,1.0458851627501913,2,0.0034,0.0064
evaluation,270277.0,0.3350975737200983,1.0492071852866833,1.101420038663861,1.0492071852866833,2,0.0041,0.0063
evaluation,270278.0,0.3279875685286733,1.0535258166940924,1.1034004221271194,1.0535258166940924,2,0.004,0.0063
evaluation,270279.0,0.3288119160874814,1.0528614069292015,1.1030115223160901,1.0528614069292015,2,0.0042,0.0065
evaluation,270280.0,0.3240719111304964,1.0665924538549834,1.114738564060725,1.0665924538549834,2,0.0041,0.0054
evaluation,270281.0,0.32644191208153295,1.0764477988884091,1.1248574068277046,1.0764477988884091,2,0.0028,0.0053
evaluation,270282.0,0.3298423470238365,1.0796590880786798,1.1289197138685636,1.0796590880786798,2,0.0038,0.0058
evaluation,270283.0,0.32963625934750995,1.0839777210421135,1.132990628024907,1.0839777210421135,2,0.0039,0.0056
evaluation,270284.0,0.336746262893723,1.0874104827929014,1.1383582931839955,1.0874104827929014,2,0.0037,0.0062
evaluation,270285.0,0.35890062612003426,1.0798805661120712,1.1379594441349306,1.0798805661120712,2,0.0042,0.0064
evaluation,270286.0,0.6089873357158342,1.0949405337359588,1.252900773198044,1.0949405337359588,2,0.0039,0.0056
evaluation,270287.0,0.7336700515311172,1.1083394327731693,1.3291681770015495,1.1083394327731693,2,0.0043,0.0054
evaluation,270288.0,0.7385130931329993,1.1131010005064965,1.3358126463158797,1.1131010005064965,2,0.0045,0.0054
evaluation,270289.0,0.7485083141480122,1.1236207521329211,1.350106770212064,1.1236207521329211,2,0.0039,0.0052
evaluation,270290.0,0.7432530866634335,1.1318150799671214,1.3540422910957037,1.1318150799671214,2,0.0039,0.0055
evaluation,270291.0,0.75159960976106,1.135580039336043,1.361779717550319,1.135580039336043,2,0.0045,0.0053
evaluation,270292.0,0.7604613483638958,1.1452139135023436,1.3747059212918187,1.1452139135023436,2,0.004,0.0054
evaluation,270293.0,0.7578852537549734,1.156951738915164,1.38308618098731,1.156951738915164,2,0.0042,0.0056
evaluation,270294.0,0.7657165579118219,1.1650353334809922,1.3941410170135211,1.1650353334809922,2,0.0038,0.0053
evaluation,270295.0,0.7731356886847038,1.1776590336778225,1.4087652724002513,1.1776590336778225,2,0.004,0.0055
evaluation,270296.0,0.7766391618035757,1.180427381957411,1.4130028986954655,1.180427381957411,2,0.004,0.0055
evaluation,270297.0,0.7803487217472131,1.1947120937102307,1.4269832214815956,1.1947120937102307,2,0.0042,0.0055
evaluation,270298.0,0.7911682888996991,1.199473659915375,1.4369009437644833,1.199473659915375,2,0.0042,0.0055
evaluation,270299.0,0.7910652378585583,1.2138691054850197,1.4488831615417508,1.2138691054850197,2,0.0039,0.0053
evaluation,270300.0,0.8013695833509575,1.2194058094801767,1.4591585716823556,1.2194058094801767,2,0.0043,0.0052
evaluation,270301.0,0.8086856672634544,1.2278216039450465,1.4702103249370564,1.2278216039450465,2,0.0042,0.0055
evaluation,270302.0,0.8149713185881766,1.2385628204678278,1.4826382263946158,1.2385628204678278,2,0.0041,0.0054
evaluation,270303.0,0.8187839194871365,1.2466464097762011,1.4914873039414749,1.2466464097762011,2,0.0045,0.0054
evaluation,270304.0,0.8272334813896203,1.2590486357415167,1.5064921838146277,1.2590486357415167,2,0.0042,0.0055
evaluation,270305.0,0.8365073928141435,1.2712293967106105,1.5217650269650498,1.2712293967106105,2,0.0046,0.005
