geometry,n,d,constraints,setup_ms,prove_p50_ms,prove_p95_ms,prove_p99_ms,verify_p50_ms,verify_p95_ms,verify_p99_ms,proof_bytes,public_witness_bytes
depth,3,2,55987,3635.938,213.11700000000002,244.82645,276.17987000000005,1.033,1.3496499999999998,1.38155,164,556
depth,3,3,185229,13835.432,548.328,707.3515499999999,789.29066,1.0665,1.4124499999999998,1.5433700000000001,164,684
depth,4,2,97493,7474.817,360.7435,427.17115,428.80567,1.081,1.51405,1.56304,164,620
depth,4,3,510362,38341.601,1090.9515000000001,1212.535,1260.4460900000001,1.0925,1.5059499999999997,1.61464,164,748
depth,5,2,158781,11561.272,574.6935,700.4929999999999,753.77685,1.073,1.2123000000000002,1.3768800000000003,164,684
subset,3,2,32474,1931.95,163.4155,168.89235,170.60217,1.0274999999999999,1.1931999999999998,1.24898,164,556
subset,3,3,35248,2229.334,206.33749999999998,218.97879999999998,225.37746,1.0594999999999999,1.2960999999999998,2.3371700000000013,164,684
subset,4,2,42918,2825.038,225.7855,234.11585,241.87416000000002,1.0375,1.3768499999999997,1.48015,164,620
subset,4,3,46737,2706.923,234.9335,248.09625,283.34198000000004,1.0385,1.2351499999999997,1.39534,164,748
subset,5,2,53528,3039.235,254.663,266.8612,271.81876,1.0514999999999999,1.3429999999999997,1.4511900000000002,164,684
